title,score,class,league,max_speed,acceleration,handling,nitro,nitro_speed,air_speed,radius,drift,stars_symbol,bp_values,bp_total,key_car
Mitsubishi Lancer Evolution,1381,D,青铜,270.1,55.03,53.79,68.19,282,363,88.734,172,★★★,"5,8,30",43,FALSE
BMW Z4 LCI E89,1476,D,青铜,266.8,68.86,47.43,57.49,278,359,99.982,159,★★★,"5,8,45",58,FALSE
Chevrolet Camaro LT,1546,D,青铜,284.1,64.81,48.39,63.29,296,380,90.88,166,★★★,"5,12,30",47,FALSE
Nissan 370Z Nismo,1662,D,青铜,268.5,66.61,81.83,67.07,280,361,51.875,223,★★★,"10,12,30",52,FALSE
Dodge Challenger SRT8,1683,D,青铜,308.4,71.92,37.98,45.41,321,410,100.789,153,★★★,"15,20,30",65,FALSE
KTM X-Bow GTX,1738,D,青铜,247.5,83.84,64.99,66.99,274,350,76.647,187,★★★,"20,25,30",75,FALSE
Volkswagen XL Sport Concept,1814,D,青铜,291.2,60.31,62.02,61.94,303,389,67.233,192,★★★,"15,20,30",65,FALSE
BMW 3.0 CSL Hommage,1827,D,青铜,297.5,73.39,50.08,51.2,310,396,87.719,172,★★★,"20,20,30",70,FALSE
Chevrolet Camaro ZL1 50th Edition,1971,D,青铜,272.1,78.14,83.14,72.33,284,365,47.351,226,★★★,"20,20,30",70,FALSE
DS Automobiles DS E-Tense,1976,D,青铜,270.1,76.07,81.27,72.3,282,363,50.453,222,★★★,"20,25,30",75,FALSE
Porsche Boxster 25th,1985,D,青铜,298.7,72.12,46.1,54.35,311,398,87.862,165,★★★★,"20,30,41,45",136,FALSE
Nissan Leaf Nismo RC,2101,D,青铜,250.6,78.87,59.91,65.03,284,361,70.809,196,★★★★,"30,12,18,28",88,FALSE
BMW i8 Roadster,2122,D,青铜,273.1,79.73,78.63,66.87,294,375,52.798,216,★★★★,"20,30,41,45",136,FALSE
Lotus Evora Sport 410,2123,C,白银,317.7,71.7,50.92,47.05,331,422,73.61,179,★★★,"20,30,50",100,FALSE
Dodge Challenger 392 Hemi Scat Pack,2152,C,青铜,302.7,73.64,43.57,62.82,315,403,92.368,162,★★★,"20,30,50",100,FALSE
Porsche 911 GTS Coupe,2185,C,白银,328.7,71.21,45.84,56.6,342,441,73.402,173,★★★,"25,30,50",105,FALSE
ItalDesign Davinci,2210,D,青铜,278,83.52,73.57,55.34,290,372,56.633,210,★★★★,"20,30,41,45",136,FALSE
Renault Dezir,2213,D,青铜,293.2,65.56,69.43,68.44,306,391,,,★★★★,"25,32,40,48",145,FALSE
Mercedes-Benz AMG GT S,2281,C,白银,329.4,71.34,42.69,54.66,343,442,83.976,167,★★★,"25,30,50",105,FALSE
Peugeot SR1,2307,D,青铜,310.5,71.51,52.39,31.19,323,412,79.445,180,★★★★,"25,32,40,48",145,FALSE
Aston Martin DB11,2330,C,白银,340.4,74.2,43.21,55.4,354,462,80.731,171,★★★,"25,30,50",105,FALSE
Porsche 718 Cayman,2344,C,青铜,295.6,70.52,61.9,60.28,308,394,64.079,193,★★★★,"25,18,21,32",96,FALSE
Lotus Elise Sprint 220,2363,C,青铜,269.5,82.25,83.47,72.71,282,363,49.07,225,★★★★,"25,18,21,32",96,FALSE
Infiniti Project Black S,2371,D,青铜,281.5,76.19,66.98,64.67,293,377,64.591,199,★★★★,"30,23,33,42",128,FALSE
Lotus Emeya,2402,D,Bronze,276.5,81.79,75.33,67.23,288,371,54.014,213,★★★★,"?,?,?,?",?,FALSE
Porsche 911 Carrera RS 3.8,2435,D,青铜,301.9,72.15,71.66,35.99,315,402,60.184,213,★★★★,"30,32,40,50",152,FALSE
BMW M4 GTS,2447,C,白金,326.5,73.72,51.19,52.48,340,437,72.599,182,★★★,"25,30,50",105,FALSE
Jaguar F-Type SVR,2487,C,Silver,340.3,75.55,49.28,50.12,354,461,63.356,182,★★★★,"30,18,21,32",101,FALSE
Ford Shelby GT350R,2531,C,青铜,299.7,75.06,58.97,52.93,313,400,68.819,189,★★★★,"30,18,21,32",101,FALSE
Hyundai IONIQ 5 N,2559,D,青铜,275.9,88.63,80.51,63.38,296,378,49.536,224,★★★★,"20,30,41,45",136,FALSE
Porsche 911 Targa 4S,2571,C,青铜,315,75.37,41.56,38.33,328,418,89.122,161,★★★★,"35,18,21,32",106,FALSE
Lotus Emira,2612,D,青铜,307.4,70.86,57.47,53.42,320,409,70.059,189,★★★★,"25,32,40,48",145,FALSE
Lamborghini Countach 25th Anniversary,2618,D,青铜,305.4,71.43,65.58,48.39,318,406,60.442,204,★★★★,"25,32,40,48",145,FALSE
Praga R1,2624,D,青铜,283.3,87.8,62.25,60.92,295,379,*78.236,*191.8,★★★★,"25,32,40,48",145,FALSE
Honda Civic Type-R,2627,C,青铜,285.1,82.09,68.41,62.55,297,381,59.868,202,★★★★,"35,18,21,32",106,FALSE
Ginetta G60,2632,D,青铜,290.7,71.51,74.81,62.66,303,388,54.684,216,★★★★,"30,32,40,50",152,FALSE
Exotic Rides W70,2633,B,白银,329.7,80.21,45.2,56.71,342,441,80.688,172,★★★,"35,35,50",120,FALSE
Rezvani Beast X,2635,C,白银,299.4,84.62,69.2,63.68,312,399,59.585,208,★★★★,"35,20,24,32",111,FALSE
TVR Griffith,2641,C,青铜,338.7,69.28,47.31,37.49,352,458,74.406,178,★★★★,"35,18,21,32",106,FALSE
Ford Shelby GR-1,2642,C,白银,321.7,75.32,69.6,66.63,335,429,52.831,215,★★★★,"35,18,21,32",106,FALSE
Renault TREZOR,2646,C,白银,306,78.42,63.39,67.48,307,392,70.697,199,★★★★,"50,29,38,48",165,FALSE
Jaguar XKR-S GT,2700,C,白银,321.2,72.92,52.08,60.42,334,428,71.773,182,★★★★,"35,38,48,58",179,FALSE
Porsche Taycan Turbo S,2704,C,白银,278.8,83.66,75.47,56.94,303,386,45.044,214,★★★★,"35,18,21,32",106,FALSE
Aston Martin V12 Spedster,2733,C,白银,312.9,80.12,57.27,62.49,326,415,70.806,190,★★★★,"35,30,41,48",154,FALSE
Bentley Continental GT3,2781,C,青铜,301.3,74.78,72.59,44.04,314,402,*58.854,*203.5,★★★★★,"25,30,35,40",130,TRUE
Citroën DS Survolt,2796,C,白银,291.4,81.82,81.42,64.56,329,415,,,★★★★,"35,38,48,58",179,FALSE
Ford GT,2816,B,白银,362.8,77.54,34.11,48.64,377,500,80.418,160,★★★★,"40,18,24,36",118,FALSE
Dodge Viper ACR,2827,B,白银,303.4,77.32,86.2,68.94,316,404,41.327,245,★★★★,"40,18,24,36",118,FALSE
Chevrolet Corvette C7.R,2836,C,青铜,303.6,80.57,47.14,57.23,316,404,105.674,169,★★★★★,"30,38,43,48",159,TRUE
Ferrari F50,2838,C,白银,338.8,73.82,57.63,61.34,353,459,56.907,197,★★★★,"35,38,42,48",163,FALSE
Glickenhaus 004C,2840,D,青铜,311.2,76.75,56.89,60.87,324,413,84.722,189,★★★★★,"30,35,42,50",157,TRUE
Bolwell MK X Nagari 500,2854,C,白银,314.5,81.59,65.86,63.02,327,417,,,★★★★,"35,38,48,58",179,FALSE
Alfa Romeo Giulia GTAm,2895,D,青铜,312.2,77.28,45.17,47.09,325,414,,,★★★★★,"30,35,42,50",157,TRUE
Toyota GR Supra Racing Concept,2930,D,青铜,312,71.98,61.16,53.66,329,419,62.85,197,★★★★★,"30,?,?,?,?",?,FALSE
Lamborghini Asterion,2983,B,黄金,336.6,81.05,45.56,68.21,350,455,76.226,175,★★★★,"40,18,24,36",118,FALSE
Donkervoort D8 GTO Individual Series,2991,C,白银,306.8,85.56,86.91,64,320,408,43.591,245,★★★★★,"35,35,36,38,42",186,FALSE
Aston Martin Vulcan,3000,B,黄金,343.1,78.7,47.8,64.79,357,466,73.587,180,★★★★,"40,18,24,36",118,FALSE
Ford Mustang RTR Spec 5 10th Anniv.,3025,B,白银,335.2,75.65,46.89,73.82,349,452,74.949,176,★★★★,"25,30,35,40",130,FALSE
Pininfarina H2 Speed,3026,B,黄金,318,78.22,86.5,60.57,331,422,41.178,250,★★★★,"40,18,24,36",118,FALSE
Porsche 911 GT1 Evolution,3049,B,黄金,343.2,75.15,53.67,68.89,357,467,56.17,194,★★★★,"25,30,35,40",130,FALSE
Ferrari Roma,3061,B,白银,331.9,77.46,60.47,66.78,345,447,58.286,201,★★★★,"40,45,52,63",200,FALSE
Volkswagen Electric R,3062,C,青铜,291.1,88.6,58.15,68.06,302,387,64.835,184,★★★★★,"30,38,43,48",159,TRUE
Mercedes-Benz CLK-GTR,3083,C,黄金,332.7,78.92,70.49,57.24,346,448,49.679,219,★★★★★,"35,35,36,38,42",186,FALSE
Artega Scalo Superelletra,3093,B,黄金,316.3,85.72,57.94,71.91,329,420,67.418,192,★★★★,"40,18,24,36",118,FALSE
Ford Mustang Mach-E1400,3097,D,青铜,301.2,82.87,51.83,64.82,314,401,77.585,177,★★★★★,"30,35,42,50",157,TRUE
Maserati MC12,3100,C,黄金,342.9,76.48,72.36,38.94,357,466,44.092,225,★★★★★,"30,38,43,48",159,TRUE
Kimera EVO37,3108,D,青铜,297.8,80.98,78.18,57.43,310,397,48.889,224,★★★★★,"30,35,42,50",157,TRUE
Arash AF10,3109,C,白银,336.9,78.71,50.36,59.53,351,455,70.574,183,★★★★,"35,38,42,48",163,FALSE
Nissan 370Z Nismo Neon Edition,3121,C,白银,303.1,76.12,91.7,80.03,316,403,37.078,256,★★★★★,"35,38,48,58",179,TRUE
Nissan GT-R Nismo,3144,B,白金,329.9,84.83,60.69,60.6,343,443,51.404,201,★★★★,"40,18,24,36",118,FALSE
Saleen S1,3148,C,白银,305.3,76.74,82.8,74.07,327,415,45.451,235,★★★★,"35,38,42,48",163,FALSE
Cadillac Cien Concept,3155,B,白银,368,76.55,36.14,61.1,383,509,77.755,165,★★★★,"40,18,24,36",118,FALSE
Aston Martin Valour,3178,B,白银,331,78.23,56.43,60.73,345,445,65.004,193,★★★★,"38,48,58",144,TRUE
Ford GT MK II,3198,B,白金,321,86.25,78.97,67.89,335,429,50.333,234,★★★★,"35,55,85",175,TRUE
Acura 2017 NSX,3208,B,黄金,323.8,84.32,63.02,54.67,337,433,57.49,203,★★★★,"40,18,24,36",118,FALSE
Maserati Alfieri,3209,B,白银,335.9,74.42,41.44,72.91,350,454,84.297,166,★★★★,"40,18,24,36",118,FALSE
Porsche 911 50 Years Porsche Design,3210,C,白银,312.1,79.72,84.61,70.45,325,414,42.254,241,★★★★,"35,38,48,58",179,FALSE
Ferrari J50,3229,B,黄金,350.5,80.41,48.37,64.65,365,479,62.877,183,★★★★,"40,35,42,58",175,FALSE
Porsche Mission R,3229,C,白银,312.1,87.92,63.47,62.72,325,414,61.141,201,★★★★,"35,38,48,58",179,FALSE
Lamborghini Huracan STO,3236,B,白银,320.4,86.02,73.3,57.28,334,427,48.919,221,★★★★★,"40,30,36,42,52",200,FALSE
Jaguar XJR-15,3244,C,黄金,320.6,80.98,71.28,61.34,334,427,51.23,220,★★★★★,"35,35,36,38,42",186,FALSE
TVR Sagaris,3246,C,白银,321,75.52,70.65,74.61,334,428,53.059,216,★★★★,"35,38,48,58",179,FALSE
Lamborghini Huracan Super Trofeo EVO,3256,B,白银,311.6,82.63,63.62,54.57,325,414,63.295,203,★★★★★,"30,40,50,60",180,TRUE
Toyota GR Supra 2023,3258,C,黄金,315.1,80.38,73.43,56.83,328,418,,,★★★★★,"?,?,?,?,?",?,FALSE
McLaren Artura,3280,B,黄金,337.8,81.14,68.52,47.54,351,457,52.204,217,★★★★★,"40,30,36,42,52",200,FALSE
Mercedes-Benz 2022 Showcar Vision AMG,3288,C,白银,335.1,75.32,51.68,59.18,349,452,,,★★★★,"35,38,48,58",179,FALSE
Arash AF8 Falcon Edition,3289,C,黄金,333.1,76.78,66.13,77.1,347,449,56.201,212,★★★★★,"35,38,48,58",179,TRUE
Jaguar XE SV Project 8,3289,C,白银,338.7,78.28,48.14,62.98,352,458,65.548,179,★★★★★,"35,35,36,38,42",186,FALSE
Vencer Sarthe,3290,B,黄金,350.1,74.12,62.87,46.83,364,478,51.684,216,★★★★★,"40,12,15,21,32",120,FALSE
Dodge Viper GTS,3295,B,黄金,353.4,80.33,45.29,67.55,368,484,65.931,178,★★★★,"40,18,24,36",118,FALSE
ItalDesign Zerouno,3295,B,黄金,340.9,79.25,58.34,54.1,355,462,55.127,199,★★★★,"40,18,24,36",118,FALSE
Bentley Continental GT Speed,3330,B,白金,348.1,76.45,74.06,59.19,362,475,38.936,230,★★★★,"40,35,42,58",175,FALSE
Ferrari 488 GTB,3334,B,黄金,347.6,80.24,48.38,65.84,362,474,63.825,182,★★★★,"40,35,42,58",175,FALSE
Ferrari Monza SP1,3334,C,白银,319.6,82.32,62.53,63.22,333,425,63.965,202,★★★★,"35,38,48,58",179,FALSE
Bentley Mulliner Bacalar,3340,B,白银,329.6,77.37,67.2,55.81,343,442,53.971,205,★★★★★,"40,12,15,21,32",120,FALSE
Ferrari F40,3343,B,黄金,334.1,72.87,69.3,63.45,348,450,56.468,216,★★★★★,"40,12,15,21,32",120,FALSE
Ares S1,3377,C,黄金,307.8,89.55,78.93,68.93,333,422,*53.719,*229,★★★★★,"38,45,48,50",181,TRUE
ATS Automobili Corsa RRTurbo,3389,B,黄金,322.3,87.54,68.39,45.94,336,430,53.285,212,★★★★,"38,48,58",144,TRUE
Mercedes-Benz SLR McLaren,3389,B,白金,352.9,78.18,66.59,79.56,367,483,46.261,217,★★★★★,"40,12,15,21,32",120,FALSE
Kepler Motion,3393,B,黄金,338.7,86.54,48.81,61.41,352,458,86.742,182,★★★★★,"40,30,36,40,43",189,FALSE
Porsche Panamera Turbo S,3403,C,Silver,326.3,88.03,72.48,58.56,340,437,39.972,221,★★★★★,"35,35,36,38,42",186,FALSE
Mazda Furai,3408,B,青铜,305.5,80.95,57.23,49.67,318,406,75.492,187,★★★★★,"40,12,15,21,32",120,FALSE
Porsche 718 Cayman GT4 Clubsport,3415,B,Gold,314.7,73.44,87.23,70.53,328,418,40.384,245,★★★★★,"25,32,36,40",133,TRUE
Aston Martin DBS Superleggera,3423,B,白金,355.4,79.16,70.74,73.88,370,487,41.223,225,★★★★★,"40,12,15,21,32",120,FALSE
DS Automobiles DS E-Tense Performance,3424,C,黄金,318.7,90.06,76.68,61.55,332,424,44.976,227,★★★★★★,"35,35,35,35,36,36",212,FALSE
McLaren GT,3432,B,Gold,339.2,80.97,69.06,57.25,353,459,51.163,218,★★★★★,"35,40,52,70",197,TRUE
Ferrari 599XX EVO,3433,B,黄金,310.1,80.97,83.61,70.81,323,412,39.306,233,★★★★★,"30,40,50,60",180,TRUE
Drako GTE,3434,B,黄金,346.3,81.97,47.38,61.36,360,471,,,★★★★★,"40,30,36,39,43",188,FALSE
Ferrari LaFerrari,3445,A,白金,364.6,80.23,43.06,71.4,379,503,69.745,177,★★★★★,"35,15,21,24,36",131,FALSE
Brabham BT62,3489,B,白金,322.4,83.88,76.06,75.65,336,430,49.401,227,★★★★★,"35,40,52,70",197,TRUE
Porsche 911 Turbo 50 Years,3495,B,黄金,343.5,82.94,53.72,59.39,358,467,,,★★★★,"40,35,42,58",175,FALSE
Mercedes-Benz Mercedes-AMG GT Black Series,3513,C,白银,335.6,81.67,60.63,67.23,349,453,58.302,202,★★★★★★,"35,36,36,38,40",180,TRUE
Dodge Charger SRT Hellcat Redeye Widebody,3518,C,黄金,342.6,76.31,51.13,58.64,356,465,,,,,,
LEGO Technic Ferrari FXX K,3522,A,白金,364.6,81.82,45.96,64.44,379,503,,,★★★★★★,"40,30,35,40,50,55",250,FALSE
McLaren Elva,3530,B,Gold,339.2,81.3,75.51,65.91,353,459,46.025,230,★★★★★,"40,30,36,40,43",189,FALSE
Glickenhaus 003S,3534,A,白金,369,79.44,38.58,63.11,384,511,69.349,170,★★★★,"35,21,28,42",126,FALSE
Porsche 911 GT3 R Rennsport,3546,C,黄金,322.5,81.15,74.4,65.78,336,430,,,,,,
Apollo N,3548,A,翡翠,369.6,80.32,58.13,60.57,384,512,53.43,205,★★★★★,"35,15,21,24,36",131,FALSE
Praga Bohema,3553,C,黄金,315.7,80.72,80.22,69.65,333,425,45.495,233,★★★★★,"35,35,36,38,42",186,FALSE
Renault R.S. 01,3571,B,白银,321,83.67,61.35,71.97,334,428,70.265,200,★★★★★,"30,40,50,60",180,TRUE
Aston Martin DB12,3580,B,黄金,343.2,74.11,69.68,77.89,357,466,45.367,220,★★★★★,"40,30,36,40,43",189,FALSE
Acura NSX GT3 EVO,3585,B,黄金,313.9,74.31,86.11,73.78,345,442,42.43,246,★★★★★,"30,40,50,60",180,TRUE
McLaren P1™,3602,A,翡翠,364.6,83.64,47.54,62.89,379,503,65.602,185,★★★★★,"35,15,21,24,36",131,FALSE
Lexus LFA Nurburgring Package,3612,C,黄金,337.3,74.12,61.05,62.13,351,456,,,,,,
Nissan R390 GT1,3627,B,白金,373.5,76.72,52.63,55.45,388,519,60.817,197,★★★★★★,"35,38,42,48,52",215,TRUE
LEGO Technic Chevrolet Corvette Stingray,3647,B,白金,327.7,82.76,80.66,70.4,343,443,35.673,259,★★★★★,"45,17,23,32,45",162,FALSE
McLaren 765LT,3651,B,白金,349.5,80.5,70.61,62.26,363,477,48.481,224,★★★★★,"40,30,36,40,43",189,FALSE
BMW M4 GT3,3665,B,Gold,346.9,79.57,69.5,65.65,364,478,44.18,223,★★★★★,"40,42,42,45,46",215,FALSE
Pagani Zonda HP Barchetta,3678,A,白金,350.1,79.44,73.51,73.66,364,478,46.257,230,★★★★★,"30,38,55,77",200,TRUE
Lamborghini Miura Concept,3688,B,白银,346.7,73.39,56.22,60.53,361,474,61.475,197,★★★★★,"35,40,52,70",197,TRUE
Lamborghini Centenario,3696,A,翡翠,363.7,80.48,47.46,70.31,378,502,65.401,185,★★★★★,"35,15,21,24,36",131,FALSE
Ferrari F12tdf,3705,A,白金,360.3,78.38,40.12,80.18,375,496,69.043,170,★★★★★,"40,18,21,25,36",140,FALSE
Lamborghini Gallardo LP560-4,3706,A,黄金,331.2,76.48,75.43,59.41,345,445,43.002,225,★★★★★★,"50,15,18,24,38,45",190,FALSE
Lamborghini Aventador SV Coupe,3763,A,翡翠,367.9,80.83,50.14,70.6,382,509,62.535,191,★★★★★,"40,18,21,25,36",140,FALSE
Bugatti EB110,3766,B,黄金,348.4,74.11,66.05,58.11,362,475,51.395,215,★★★★★,"35,40,52,70",197,TRUE
Aston Martin One77,3771,B,Gold,363.4,79.32,68.72,56.56,378,501,44.53,231,★★★★★,"40,30,36,42,52",200,FALSE
Maserati MC20,3772,B,白金,335.7,81.63,90.78,75.84,349,453,35.066,266,★★★★★★,"35,38,42,48,52",215,TRUE
Mercedes-Benz C 63 AMG DTM,3773,C,黄金,322.1,80.81,72.85,68.98,335,430,,,,,,
Chevrolet Corvette Stingray,3788,B,黄金,327,81.52,60.15,64.47,340,438,55.865,198,★★★★★,"40,30,36,40,43",189,FALSE
Ferrari FXX K,3821,A,翡翠,363.1,83.9,43.75,72.39,376,497,67.904,178,★★★★★,"40,18,21,25,36",140,FALSE
Maserati MC20 GT2,3832,C,白银,336.3,83.68,63.95,46.53,350,454,56.4,208,★★★★★,"35,38,48,58",179,TRUE
LEGO Technic McLaren Senna GTR,3846,A,翡翠,349.8,82.43,79.32,65.28,366,481,39.002,249,★★★★★,"40,33,38,43,48",202,FALSE
Lamborghini Diablo GT,3869,B,黄金,349.2,74.97,63.52,58.83,363,477,52.631,211,★★★★★,"40,30,36,42,52",200,FALSE
Lamborghini Autentica,3884,A,白金,366.8,78.82,47.2,68.72,381,507,65.471,185,★★★★★,"30,38,55,77",200,TRUE
LEGO Technic BMW M4 GT3 EVO,3896,B,Gold,333.5,80.79,82.01,74.7,347,449,,,★★★★★,"40,42,42,45,46",215,FALSE
Jaguar C-X75,3900,A,钻石,368.9,75.58,73.15,74.14,383,510,43.39,233,★★★★★,"35,15,21,24,36",131,FALSE
Chevrolet Corvette Grand Sport,3906,A,白金,334.6,76.55,94.52,81.88,348,451,34.425,274,★★★★★,"40,18,21,25,36",140,FALSE
Arrinera Hussarya 33,3910,A,黄金,352.1,78.53,59.47,47.71,366,482,,,★★★★★,"35,15,21,24,36",131,FALSE
LEGO Technic Aston Martin Valkyrie,3920,A,翡翠,372.3,81.04,65.74,59.77,387,516,50.45,221,★★★★★,"40,33,38,43,48",202,FALSE
Apex AP-0,3922,A,翡翠,334.8,80.83,89.1,74.95,358,465,34.779,261,★★★★★,"35,30,35,42,48",190,FALSE
Aston Martin DBS 770 Ultimate,3922,C,黄金,353.9,77.55,62.96,43.03,368,485,43.6,209,★★★★★,"30,35,?,?",?,TRUE
Lamborghini Murcielago LP640 Roadster,3924,A,翡翠,354,77.45,66.92,61.49,368,485,50.731,219,★★★★★,"40,33,38,43,48",202,FALSE
VLF Force 1 V10,3929,A,白金,369.4,80.33,54.68,74.63,384,511,55.601,200,★★★★★,"40,18,21,25,36",140,FALSE
De Tomaso P900,3937,C,黄金,331.8,82.95,62,59.08,345,447,49.447,204,★★★★★,"35,35,36,38,42",186,FALSE
Ferrari 812 Superfast,3941,A,白金,354,81.13,63.17,74.33,368,485,48,211,★★★★★,"35,30,35,42,48",190,FALSE
Apollo IE,3946,A,白金,348,84.58,72.82,68.9,362,475,48.75,228,★★★★★,"40,33,38,43,48",202,FALSE
Sin R1 550,3950,A,白金,368.3,77.04,45.58,74.13,383,509,65.544,182,★★★★★,"40,18,21,25,36",140,FALSE
Ferrari F12 Berlinetta,3950,B,白金,357.2,81.86,61.13,68.14,371,490,,,★★★★★,"40,36,38,42,45",201,FALSE
Icona Vulcano Titanium,3957,S,钻石,381.7,81.38,43.38,65.89,397,533,49.059,183,★★★★★,"40,18,21,25,39",143,FALSE
Aston Martin Vantage GT12,3958,A,白金,337.6,78.26,86.85,80.46,352,457,37.575,256,★★★★★,"35,15,21,24,36",131,FALSE
Lamborghini Reventon Roadster,3983,B,白金,357,79.38,69.05,74.91,371,490,49.203,223,★★★★★★,"28,36,48,58,72",242,TRUE
Lamborghini Huracan Sterrato,3995,C,黄金,334.5,81.86,64.86,62.63,355,461,,,★★★★★★,"40,42,44,46,48",220,TRUE
McLaren 750S Coupe,3996,B,白金,348.8,83.02,65.3,67.36,363,476,,,,,,
Lamborghini Aventador J,4002,A,钻石,362.9,79.83,73.1,77.86,378,502,44.141,232,★★★★★★,"50,15,18,24,38,45",190,FALSE
McMurtry Spéirling,4003,A,翡翠,339.7,90.52,82.09,62.82,354,480,35.97,244,★★★★★,"40,33,38,43,48",202,FALSE
Ferrari 296 GTB,4009,C,黄金,341.6,81.23,65,52.13,355,463,54.378,211,★★★★★,"35,38,48,58",179,TRUE
Porsche Carrera GT,4010,A,白金,344.7,78.59,84.59,82.64,358,468,38.124,252,★★★★★,"30,35,40,45,50",200,FALSE
Ferrari Enzo Ferrari,4014,A,白金,365.8,75.19,64.75,72.1,380,504,45.896,217,★★★★★★,"40, 30, 35, 40, 50, 55",250,FALSE
Porsche 911 GT3 RS,4019,A,钻石,338.9,85.84,92.97,86.39,353,459,31.676,271,★★★★★★,"50,15,18,24,38,45",190,FALSE
Formula E Gen 2 Asphalt Edition,4019,B,Gold,323.5,83.75,87.29,78.34,337,432,36.563,253,★★★★★★,"40,30,36,38,46,52",242,FALSE
Techrules AT96 Track Version,4020,A,钻石,364.6,85.53,75.74,69.65,379,503,41.033,239,★★★★★★,"30,40,50,65,80",265,TRUE
McLaren Senna GTR,4025,A,翡翠,357.9,82,60.85,77.62,372,492,54.694,208,★★★★★,"40,33,38,43,48",202,FALSE
Peugeot Onyx,4026,A,钻石,365.6,81.94,84.83,59.59,380,504,34.286,259,★★★★★★,"33,31,33,35,38,42",212,FALSE
Chevrolet Corvette ZR1,4031,A,翡翠,355.4,82.03,60.09,76.33,370,487,49.157,206,★★★★★★,"50,15,18,24,38,45",190,FALSE
Lamborghini Essenza SCV12,4036,A,白金,340.1,85.03,75.44,74.52,354,461,44.438,230,★★★★★,"30,38,55,77",200,TRUE
BMW M Hybrid V8,4057,B,翡翠,355.8,81.39,67.1,69.84,370,488,46.548,219,★★★★★★,"?,?,?,?,?",?,TRUE
Puritalia Berlinetta,4061,A,Platinum,348.8,83.35,82.35,69.25,361,473,38.427,248,★★★★★,"40,38,42,48,60",228,FALSE
Lamborghini SC63,4062,B,Gold,353.8,85.38,70.15,56.43,368,484,*54.151,*225,★★★★★,"35,40,52,70",197,TRUE
Aston Martin V12 Vantage 2022,4072,B,翡翠,343.7,79.4,88.64,79.82,358,467,35.13,263,★★★★★★,"40,30,36,38,46,52",242,FALSE
Ferrari Daytona SP3,4073,C,白银,348.8,80.46,54.89,60.3,363,476,63.692,195,★★★★★,"35,38,48,58",179,TRUE
McLaren 600LT Spider,4075,B,翡翠,340.5,86.11,83.17,74.54,354,461,40.909,249,★★★★★,"40,36,38,42,42",198,FALSE
McLaren Solus GT,4075,B,翡翠,335.4,89.3,83.11,76.82,349,453,40.589,247,★★★★★★,"35,38,42,48,52",215,TRUE
Toyota GR Super Sport Concept,4076,B,白金,364.8,85.64,56.7,45.09,379,503,,,★★★★★,"26,33,43,60",162,TRUE
Mercedes-Benz Biome 2010,4078,A,钻石,337,80.62,80.16,83.39,0,0,0,0,★★★★★★,,0,FALSE
Lamborghini SC18,4079,A,翡翠,355.6,81.99,64.05,82.46,370,487,43.343,212,★★★★★★,"30,40,50,65,80",265,TRUE
Lamborghini Aventador SVJ Roadster,4080,A,翡翠,364.8,81.09,73.75,73.93,379,503,43.471,234,★★★★★★,"70,23,27,36,52,59",267,FALSE
Formula E Gen 3 EVO Championship Edition,4082,A,钻石,345.1,90.21,77.89,62.24,359,470,*48.867,*238,★★★★★,"30,38,55,77",200,TRUE
W Motors Lykan Hypersport,4083,S,精英,407.6,80.48,40.97,58.46,425,560,47.739,185,★★★★★,"40,18,21,25,39",143,FALSE
Lamborghini Invencible,4091,B,白金,340.4,88.49,75.74,67.64,354,461,47.622,232,★★★★★,"40,30,36,42,52",200,FALSE
Ford GT CNY Edition,4093,A,Platinum,366.8,79.14,68.15,73.89,381,507,41.903,224,★★★★★,"40,33,38,43,48",202,FALSE
Raesr Tachyon Speed,4095,A,翡翠,400.5,77.88,53.38,59.79,416,555,53.727,206,★★★★★★,"38,48,57,66,72",281,TRUE
Ferrari 488 Challenge EVO,4095,A,白金,347.5,82.63,76.76,76.65,362,474,44.204,233,★★★★★★,"30,35,45,55,85",250,TRUE
Nissan Z GT4,4098,C,黄金,345,81.15,54.32,62.04,358,468,68.86,194,★★★★★,"35,35,36,38,42",186,FALSE
Citroën GT by Citroën,4099,A,白金,383.5,76.54,64.63,67.23,399,536,46.484,221,★★★★★★,"40, 30, 35, 40, 50, 55",250,FALSE
Pagani Zonda Cinque,4105,A,翡翠,369.7,79.84,74.76,73.22,384,512,,,★★★★★★,"30,35,50,65,80",260,TRUE
Lamborghini Huracan EVO Spyder,4108,B,翡翠,344,84.31,75.97,82.43,358,468,45.142,232,★★★★★★,"40,30,36,38,46,52",242,FALSE
Aston Martin DBS GT Zagato,4109,A,钻石,361.9,80.65,75.77,78.17,376,498,34.621,237,★★★★★★,"70,23,27,36,52,59",267,FALSE
Chevrolet Corvette Grand Sport Halloween Edition,4112,A,钻石,357.4,81.66,80.58,70.94,372,491,,,★★★★★★,"40,45,60,65,?",?,TRUE
Porsche 918 Spyder,4114,S,翡翠,362.4,83.02,51.8,79.97,377,499,55.858,193,★★★★★,"40,18,21,25,39",143,FALSE
Vanda Electrics Dendrobium,4124,S,精英,339.9,86.24,95.92,84.9,347,509,31.863,281,★★★★★★,"30,30,30,35,35,40",200,FALSE
Automobili Pininfarina Battista Edizione Nino Farina,4125,A,翡翠,365.4,89.37,64.44,45.9,380,504,,,★★★★★★,"40,45,45,48,50,52",280,FALSE
FV Frangivento GT65,4127,B,白金,371.1,81.8,51.98,54.39,386,514,57.212,195,★★★★★,"35,40,52,70",197,TRUE
Nissan GTR-50 Italdesign,4127,A,钻石,349.2,86.24,73.5,64.28,363,476,43.103,229,★★★★★,"40,33,38,43,48",202,FALSE
McLaren 570S Spider,4135,S,钻石,377.2,79.23,66.06,64.75,393,526,42.629,224,★★★★★★,"30,30,30,35,35,40",200,FALSE
Lamborghini Veneno,4142,S,钻石,370,81.16,62.42,78.82,387,516,48.453,215,★★★★★★,"30,30,30,35,35,40",200,FALSE
ATS Automobili GT,4161,S,翡翠,391.1,81.47,52.12,46.85,406,549,61.992,202,★★★★★★,"40, 45, 55, 48, 56, 56",300,FALSE
Pagani Zonda R,4164,A,白金,368.3,84.54,57.29,67.54,383,509,55.546,204,★★★★★★,"30,35,45,55,85",250,TRUE
Peugeot 9X8,4172,A,钻石,344.3,90.03,94.15,69.94,358,468,28.581,277,★★★★★★,"40,45,45,48,50,52",280,FALSE
McLaren Sabre,4173,A,翡翠,363.1,87.04,68.06,58.45,379,503,,,★★★★★★,"40,45,45,48,50,52",280,FALSE
Jaguar XJ220S TWR,4175,S,钻石,383,75.19,60.59,82.2,398,535,,,★★★★★★,"30,35,45,55,85",250,TRUE
Lamborghini Sesto Elemento,4183,B,翡翠,347.2,88.16,70.97,74.78,361,473,46.559,224,★★★★★★,"40,30,36,38,46,52",242,FALSE
Glickenhaus 007S,4192,A,钻石,358.6,89.33,82.63,55.24,373,493,41.397,254,★★★★★★,"30,35,45,55,85",250,TRUE
Nissan GT-R Neon Edition,4201,A,钻石,357,88.23,75.46,70.44,371,490,41.055,235,★★★★★★,"40,45,45,48,50,52",280,FALSE
Lamborghini Egoista,4213,S,钻石,366.1,84.48,61.54,72.02,381,506,50.682,212,★★★★★★,"60, 15, 18, 25, 38, 48",204,FALSE
Porsche 935(2019),4229,A,钻石,352,84.94,87.96,72.61,366,481,30.734,265,★★★★★★,"45,50,56,62,66",279,TRUE
Chrysler ME412,4241,S,精英,399.1,74.9,66.52,63.39,415,555,36.785,230,★★★★★★,"40, 45, 55, 48, 56, 56",300,FALSE
Aston Martin Victor,4251,A,钻石,371.8,78.34,76.86,69.6,387,517,39.732,244,★★★★★★,"40, 30, 35, 40, 50, 55",250,FALSE
Porsche 918 Spyder Asphalt Edition,4252,S,精英,401.6,76.24,59.93,51.87,417,556,,,,,,
Pagani Huayra R,4259,A,Platinum,376.4,83.04,58.21,64.11,391,523,,,★★★★★★,"40,30,35,40,50,55",250,FALSE
Ford GT MK IV,4262,B,翡翠,361.4,87.26,54.52,59.57,383,508,57.702,198,★★★★★★,"45,50,56,62,66",279,TRUE
LEGO Technic Lamborghini Revuelto,4264,B,翡翠,368.2,83.11,70.61,56.07,383,509,38.906,217,★★★★★★,"40,30,36,38,46,52",242,FALSE
Apollo EVO,4265,B,翡翠,355,85.46,70.34,65.79,369,487,45.87,225,★★★★★★,"40,30,36,38,46,52",242,FALSE
McLaren 650S GT3,4266,A,钻石,357,84.34,85.82,78.22,371,490,35.015,261,★★★★★★,"40,45,45,48,50,52",280,FALSE
Ferrari SF90 XX Stradale,4286,A,钻石,361.2,85.73,79.17,62.85,376,497,*45.020,*248,★★★★★★,"40,30,35,40,50,55",250,FALSE
Porsche 911 GT2 RS Clubsport,4289,S,钻石,357.2,83.75,85.71,73.93,371,490,38.963,260,★★★★★★,"30,35,45,55,85",250,TRUE
Pagani Huayra BC,4292,S,钻石,365.4,80.04,63.11,86.75,380,504,43.617,214,★★★★★★,"60, 15, 18, 25, 38, 48",204,FALSE
Ferrari LaFerrari Aperta,4293,S,钻石,366.3,81.11,82.68,70.32,381,506,36.763,256,★★★★★★,"30,30,30,35,35,40",200,FALSE
Ferrari 12 Cilindri,4294,B,翡翠,351.3,85.29,70.13,75.09,0,0,0,0,★★★★★★,,0,FALSE
McLaren F1LM,4301,S,钻石,377,74.64,66.56,73.08,392,525,35.268,224,★★★★★★,"30,35,45,55,85",250,TRUE
Zenvo TSR-S,4301,S,钻石,353.8,85.32,74.39,69,378,498,41.647,232,★★★★★★,"30,35,45,55,85",250,TRUE
神秘组织 拦路虎,4305,A,Platinum,361.1,83.2,78.8,45.56,376,498,,,★★★★★★,"40,?,?,?,?,?",?,FALSE
Lotus E-R9,4308,B,翡翠,367.5,87.44,72.33,49.35,382,508,44.133,232,★★★★★★,"28,36,48,58,72",242,TRUE
Pagani Utopia Coupe,4308,A,钻石,367.9,81.03,80.63,77.19,382,509,*43.220,*253.5,★★★★★★,"45,50,56,62,66",279,TRUE
Ferrari F8 Tributo,4313,S,精英,360.8,83.23,94.48,70.07,375,497,30.715,285,★★★★★★,"40, 30, 35, 40, 50, 55",250,FALSE
Genty Akylone,4323,S,钻石,371.7,82.93,67.81,70.35,386,515,46.687,225,★★★★★★,"60, 15, 18, 25, 38, 48",204,FALSE
Lamborghini SC20,4326,S,钻石,371.3,82.04,72.71,69.2,386,515,46.449,234,★★★★★★,"30,35,45,55,85",250,TRUE
Volkswagen W12 Coupe,4334,S,钻石,370.2,79.02,84.32,54.56,384,512,37.522,263,★★★★★★,"30,35,45,55,85",250,TRUE
Trion Nemesis,4344,S,宗师,450.7,79.98,48.49,44.79,475,582,41.328,208,★★★★★★,"60, 15, 18, 25, 38, 48",204,FALSE
Ford Shelby Super Snake,4350,A,钻石,363.4,85.44,75.98,59.74,378,501,,,★★★★★★,"45,50,56,62,66",279,TRUE
Lamborghini Temerario,4372,A,钻石,365.5,88.35,70.53,62.21,380,505,43.215,228,★★★★★★,"30,40,45,55,60,70",300,FALSE
Lamborghini Revuelto,4375,B,翡翠,361.5,86.36,76.33,54.22,376,498,42.863,239,★★★★★★,"40,30,36,38,46,52",242,FALSE
FV Frangivento Asfane,4377,A,钻石,373.9,82.03,69.13,67.63,389,519,43.301,228,★★★★★★,"45,50,56,62,66",279,TRUE
Spania GTA 2015 GTA Spano,4385,S,钻石,383.7,81.2,59.72,69.97,399,536,50.399,213,★★★★★★,"40, 45, 55, 48, 56, 56",300,FALSE
Ares Panther,4387,B,翡翠,368.6,83.84,70.82,49.07,0,0,0,0,★★★★★★,,0,FALSE
Zenvo Aurora Agil,4393,A,钻石,379.4,83.12,70.3,64.25,405,543,,,,,,
FV Frangivento Sorpasso GT3,4398,S,钻石,391.3,85.7,56.68,47.35,407,549,49.896,209,★★★★★★,"45,56,65,66,68",300,TRUE
Lamborghini Terzo Millennio,4400,S,钻石,394.3,82.77,52.84,69.29,410,551,53.032,203,★★★★★★,"60, 15, 18, 25, 38, 48",204,FALSE
McLaren Senna,4407,S,精英,358.3,82.91,101.81,78.25,373,492,25.905,301,★★★★★★,"30,30,30,35,35,40",200,FALSE
Bugatti Veyron 16.4 Grand Sport Vitesse,4411,S,精英,419.1,81.08,49.17,50.7,442,568,51.489,203,★★★★★★,"85, 25, 29, 38, 54, 69",300,FALSE
Lotus Evija,4432,S,翡翠,368.1,81.14,65.02,63.31,383,509,47.913,218,★★★★★★,"30,30,30,35,35,40",200,FALSE
Jaguar XJR-9,4438,A,钻石,400.7,72.45,59.33,84.95,416,556,43.788,214,★★★★★★,"40,45,45,48,50,52",280,FALSE
Vision 1789,4442,S,钻石,389.9,81.28,59.91,72.19,405,547,50.61,215,★★★★★★,"40, 45, 55, 48, 56, 56",300,FALSE
Noble M600 Speedster,4464,A,钻石,375.7,81.03,85.47,61.71,390,522,34.44,267,★★★★★★,"40, 30, 35, 40, 50, 55",250,FALSE
Pininfarina Teorema,4473,S,精英,422.9,77.14,55.74,51.7,445,569,42.318,216,★★★★★★,"35,40,45,50,60,70",300,FALSE
W Motors Fenyr Supersport,4479,S,钻石,416.9,82.19,43.24,68.6,438,566,54.783,191,★★★★★★,"60, 15, 18, 25, 38, 48",204,FALSE
Aston Martin Valkyrie,4487,S,精英,378.1,80.26,77.87,76.72,393,527,37.49,249.5,★★★★★★,"40, 45, 55, 48, 56, 56",300,FALSE
Rimac Concept_One,4490,S,钻石,368.7,86.45,84.35,54.75,383,510,*42.222,*263,★★★★★★,"40, 45, 55, 48, 56, 56",300,FALSE
Nio EP9 Anniversary Special Edition,4501,A,钻石,348.7,86.14,59.71,60.93,371,0,0,0,★★★★★★,,0,FALSE
Mercedes-Benz C11,4506,S,精英,414.7,79.49,56.98,58.2,435,565,,,,,,
Aston Martin Valhalla Concept Car,4515,A,钻石,376.9,82.25,81.76,59.55,392,524,33.951,258,★★★★★★,"50,15,18,24,38,45",190,FALSE
Zenvo TS1 GT Anniversary,4521,S,精英,418.2,81.29,46.66,63.43,443,568,45.12,199,★★★★★★,"30,13,21,32,46,58",200,FALSE
Rimac Concept S,4528,S,精英,376.3,84.53,79.09,69.86,391,523,32.362,251,★★★★★★,"40,45,55,48,56,56",300,FALSE
Ferrari SF90 Stradale,4550,S,精英,360.1,86.83,93.5,69.88,384,509,31.737,285,★★★★★★,"40,45,55,48,56,56",300,FALSE
Automobili Pininfarina Battista,4551,S,精英,368.3,88.48,80.42,78.22,382,509,37.494,251,★★★★★★,"60,25,35,46,58,76",300,FALSE
Techrules AT96 Dragon Boat Edition,4556,S,精英,366.4,87.23,75.05,72.62,381,506,,,★★★★★★,"38,48,58,68,88",300,TRUE
Naran Hyper Coupe,4564,S,精英,383.4,85.79,67.31,65.58,398,536,42.861,227,★★★★★★,"40, 45, 55, 48, 56, 56",300,FALSE
Pagani Imola,4564,S,精英,378.5,80.26,72.44,71.29,393,527,,,★★★★★★,"85, 25, 29, 38, 54, 69",300,FALSE
Lexus Electrified Sport Concept,4565,A,钻石,379.2,88.43,50.26,55.59,394,529,,,★★★★★★,"40,45,45,48,50,52",280,FALSE
Lamborghini Countach LPI 800-4,4571,S,精英,373.7,82.53,86.93,73.04,388,519,35.512,270,★★★★★★,"38,48,58,68,88",300,TRUE
Mercedes-Benz Mercedes-AMG One,4571,A,钻石,375.2,81.53,78.84,60.91,390,521,33.688,250,★★★★★★,"45,50,56,62,66",279,TRUE
Nio EP9,4571,S,精英,372.8,82.96,77.72,76.17,396,530,39.273,246,★★★★★★,"40, 30, 35, 40, 50, 55",250,FALSE
Ferrari 499P Modificata,4572,A,钻石,358.6,84.54,85.32,77.85,373,493,31.331,261,★★★★★★,"40,45,60,65,70",280,TRUE
Arash Imperium,4577,S,精英,397.5,84.85,60.77,56.61,413,565,45.66,219,★★★★★★,"45,56,65,66,68",300,TRUE
Hyundai N Vision 74,4579,S,精英,404.5,75.17,55.76,58.53,420,564,36.485,211,★★★★★★,"45,56,65,66,68",300,TRUE
De Tomaso P72,4586,A,钻石,375.6,82.74,75.24,71.18,396,531,40.762,241,★★★★★★,"45,50,56,62,66",279,TRUE
McLaren Speedtail,4590,S,宗师,416.7,81.11,56.63,74.19,438,566,38.417,216,★★★★★★,"40, 30, 35, 40, 50, 55",250,FALSE
Mercedes-Benz Vision One-Eleven,4600,A,钻石,381,83.93,76.35,57.95,396,531,39.324,246,★★★★★★,"38,48,57,66,72",281,TRUE
Faraday Future FFZERO1,4602,S,Diamond,423,86.06,42.83,51.7,445,569,66.571,193,★★★★★★,"60, 35, 40, 50, 55, 60",300,FALSE
Automobili Pininfarina B95,4606,A,Platinum,395.9,86.93,60.35,45.07,411,552,46.919,217,★★★★★★,"60, 35, 40, ?, ?, ?",?,FALSE
Bugatti Divo,4607,S,精英,389.5,85.66,61.5,74.02,405,546,44.324,216,★★★★★★,"40, 45, 55, 48, 56, 56",300,FALSE
Koenigsegg Regera,4616,S,宗师,457.1,80.88,48.75,52.48,481,585,44.745,210,★★★★★★,"60, 15, 18, 25, 38, 48",204,FALSE
Porsche GT3 RS 2023,4621,S,精英,360.6,87.44,91.48,71.56,375,496,31.053,273,★★★★★★,"38,48,58,68,88",300,TRUE
Porsche 919 Street,4628,A,钻石,374.4,87.83,85.29,62.21,387,516,,,,,,
Saleen S7 Twin Turbo,4629,S,精英,429.9,69.5,68.97,77.31,452,572,32.161,244,★★★★★★,"40, 45, 55, 48, 56, 56",300,FALSE
W Motors Lykan Hypersport Neon Edition,4636,S,精英,407.5,80.48,53.75,65.9,425,560,36.461,208,★★★★★★,"40, 45, 55, 48, 56, 56",300,FALSE
Pagani Codalunga,4647,S,精英,398.3,81.7,65.49,72.01,417,557,0,0,★★★★★★,,0,FALSE
Ultima RS,4650,S,宗师,418.2,81.41,63.54,63.28,440,567,34.151,229,★★★★★★,"38,48,58,68,88",300,TRUE
W Motors Fenyr Supersport CNY Edition,4653,S,精英,410.2,83,61.33,60.21,429,562,,,★★★★★★,"45,56,65,66,68",300,TRUE
Zenvo TSR-S Dragonboat Edition,4665,S,精英,368.9,84.53,81.08,71.56,394,525,,,,,,
Ford Mustang RTR Spec 5-FD,4693,S,精英,415,78.77,54.9,74.41,433,564,,,★★★★★★,"?,?,?,?,?,?",?,FALSE
Ajlani Drakuma,4702,S,精英,441,81.56,47.91,60.58,464,578,48.013,205,★★★★★★,"60, 35, 40, 50, 55, 60",300,FALSE
Ford Team Fordzilla P1,4709,S,精英,385.5,87.77,83.66,51.4,401,539,35.488,266,★★★★★★,"60, 35, 40, 50, 55, 60",300,FALSE
SSC Ultimate Aero TT,4720,S,宗师,419.4,79.67,50.01,51.45,458,574,48.167,205,★★★★★★,"35, 40, 45, 50, 60, 70",300,FALSE
Inferno Automobili Inferno,4725,S,宗师,412.9,83.02,54.86,76.59,433,564,47.567,212,★★★★★★,"85, 25, 29, 38, 54, 69",300,FALSE
Torino Design Super Sport,4741,S,精英,405.3,82.28,62.3,75.81,422,559,43.464,223,★★★★★★,"45,56,65,66,68",300,TRUE
Bugatti Chiron,4755,S,传奇,443.4,84.4,45.62,63.63,467,579,40.732,201,★★★★★★,"30, 30, 30, 35, 35, 40",200,FALSE
BXR Bailey Blade GT1,4759,S,宗师,449,80.51,46.84,70.64,473,582,43.634,204,★★★★★★,"40, 30, 35, 40, 50, 55",250,FALSE
LEGO Technic Bugatti Chiron Pur Sport,4764,S,精英,394.4,84.98,61.19,73.64,410,551,47.061,218,★★★★★,"?,?,?,?,?",?,FALSE
Tushek TS 900 Racer Pro,4782,S,精英,395,86.02,73.76,61.52,410,552,38.046,245,★★★★★★,"85, 25, 29, 38, 54, 69",300,FALSE
Mazzanti Evantra Millecavalli,4790,S,宗师,412.3,82.6,63.85,64.81,432,563,45.885,228,★★★★★★,"85, 25, 29, 38, 54, 69",300,FALSE
Porsche 917 Living Legend,4791,S,精英,382.6,86.69,77.65,67.68,,,,,,,,
Toroidion 1MW,4808,S,宗师,460.4,81.28,60.34,54.16,485,587,41.108,231,★★★★★★,"85, 25, 29, 38, 54, 69",300,FALSE
Bugatti Chiron Pur Sport,4821,S,精英,397.8,87.01,73.62,65.32,413,554,,,★★★★★★,"45,56,65,66,68",300,TRUE
Koenigsegg Jesko,4824,S,传奇,496.6,80.07,48.19,58.23,522,600,33.418,219,★★★★★★,"40,45,60,70,85",300,TRUE
Bugatti Centodieci,4843,S,宗师,402.7,86.51,62.58,77.09,418,557,42.462,223,★★★★★★,"40,45,60,70,85",300,TRUE
Lamborghini Sián FKP 37,4860,S,精英,374,82.06,92.32,81.15,399,534,30.876,286,★★★★★★,"40,45,60,70,85",300,TRUE
Aspark Owl,4861,S,宗师,414.8,89.34,51.72,51.29,435,565,44.927,206,★★★★★★,"85, 25, 29, 38, 54, 69",300,FALSE
Icona Vulcano Spyder,4868,S,宗师,430.7,83.6,55.64,51.99,454,573,,,,,,
Raesr Aglaia,4880,S,Legend,439.3,85.88,47.8,46.08,463,577,38.864,204,★★★★★★,"?,?,?,?,?",?,TRUE
Rimac Nevera,4897,S,宗师,421.6,87.71,51.33,56.51,444,569,37.929,207,★★★★★★,"40,45,60,70,85",300,TRUE
SSC Tuatara,4930,S,传奇,487,82.51,48.74,62.05,512,599,41.422,215,★★★★★★,"40, 45, 55, 48, 56, 56",300,FALSE
Koenigsegg Agera RS,4940,S,传奇,484.8,79.67,60.03,58.86,510,598,,,★★★★★★,"85, 40, 48, 50, 52, 55",330,FALSE
HTT Locus Plethore LC750,4955,S,精英,414.5,78.04,75.86,84.58,435,565,36.45,257,★★★★★★,"60, 35, 40, 50, 55, 60",300,FALSE
Hennessey Venom GT,4963,S,宗师,468.4,78.54,47.88,46.91,493,594,32.157,213,★★★★★★,"?,?,?,?,?",?,TRUE
Koenigsegg CCXR,4998,S,宗师,412.2,79.4,79.09,71.51,432,563,33.89,265,★★★★★★,"45,56,65,66,68",300,TRUE
Nilu27 Nilu,5003,S,宗师,429.9,81.96,54.04,67,452,572,,,,,,
Tushek Aeon E,5025,S,宗师,491.5,86.23,46.43,35.37,,,,,★★★★★★,,,TRUE
Ferrante Design Elytron,5050,S,宗师,462.4,85.24,56.39,47.19,477,585,0,0,★★★★★★,,0,FALSE
Bugatti LA Voiture Noire,5055,S,宗师,443.2,84.88,54.68,63.8,467,579,51.072,217,★★★★★★,"38,53,58,68,88",305,TRUE
Koenigsegg One:1,5076,S,宗师,454.8,83.18,59.7,43.83,479,584,35.311,229,★★★★★★,"?,?,?,?,?",?,TRUE
Deus Vayanne,5082,S,宗师,438.7,86.55,47.61,47.08,462,577,43.411,204,★★★★★★,"60, 35, 40, 50, 55, 60",300,FALSE
Koenigsegg Gemera,5092,S,宗师,413.1,88.58,66.06,48.36,433,564,35.027,233,★★★★★★,"38,48,58,68,88",300,TRUE
Bugatti Mistral,5096,S,宗师,431.7,84.4,60.79,65.81,455,574,39.407,227,★★★★★★,"38,48,58,68,88",300,TRUE
Zenvo Aurora Tur,5100,S,传奇,467.5,81.73,56.53,42.65,492,590,32.818,227,★★★★★★,"60, 35, 40, 50, 55, 60",300,FALSE
Hennessey Venom F5,5128,S,传奇,512.4,80.68,49.02,49.52,538,600,30.764/26.789,224/348,★★★★★★,"85, 25, 29, 38, 54, 69",300,FALSE
Koenigsegg CC850,5146,S,传奇,478.3,82.37,54.39,49.63,503,595,31.97,226,★★★★★★,"45,56,65,66,68",300,TRUE
Czinger 21C,5149,S,宗师,417.1,89.07,54.43,51.03,439,566,46.797,212,★★★★★★,"60, 35, 40, 50, 55, 60",300,FALSE
Mosler Super GT,5169,S,传奇,506.7,83.27,49.79,44.54,532,600,33.879/31.456,223/331,★★★★★★,"?,?,?,?,?,?",?,FALSE
Devel Sixteen,5254,R,传奇,556.5,81.37,56.37,38.45,559,600,32.711/16.002,249/556,★★★★★★,"60,65,68,72,75",340,TRUE
SSC Tuatara Striker,5337,R,传奇,477.7,80.65,63.37,55.62,502,595,32.335,242,★★★★★★,"60,65,68,72,75",340,TRUE
Mercedes-Benz Silver Lightning,5344,R,传奇,443.4,80.15,84.1,55.95,531,600,29.889,278,★★★★★★,"60,65,68,72,75",340,TRUE
Raesr Tartarus,5355,S,宗师,538.7,90.64,61.77,42.69,550,600,41.378,220,★★★★★★,"40, 45, 55, 48, 56, 56",300,FALSE
Bugatti Bolide,5385,R,传奇,497.1,84.28,55.58,34.66,522,600,28.399,234,★★★★★★,"60,65,68,72,75",340,TRUE
Bugatti Chiron Super Sport 300+,5602,R,传奇,510.1,83.26,64.82,44.58,536,600,34.008/35.223,254/315,★★★★★★,"60,65,68,72,75",340,TRUE
Rimac Nevera R,5611,R,传奇,453.1,89.07,76.53,48.88,478,585,30.075,268,★★★★★★,"60,65,68,72,75",340,TRUE
Hennessey Venom F5 Revolution,5656,R,传奇,535.4,82.77,55.58,50.2,554,600,24.19,250,★★★★★★,"60,65,68,72,75",340,TRUE
Koenigsegg Jesko Absolut,5664,R,传奇,548.1,82.27,50.53,52.89,559,600,33.29,232,★★★★★★,"60, 60, 62, 62, 65, 70",379,FALSE
Bugatti Tourbillon,5676,R,传奇,492.8,85.24,70.17,48.98,518,600,0,265,★★★★★★,,0,TRUE
